{
  "rc": 0,
  "rt": 111,
  "svr": 181734952,
  "lt": 2,
  "full": 0,
  "data": {
    "tc": 1,
    "qdate": 20260331,
    "pool": [
      {
        "c": "600982",
        "m": 1,
        "n": "宁波能源",
        "p": 5960,
        "zdp": -9.969788551330566,
        "amount": 1026327744,
        "ltsz": 6661059810.6,
        "tshare": 6661059828.48,
        "pe": 20.66988182067871,
        "hs": 14.96562385559082,
        "fund": 9426038,
        "lbt": 143955,
        "fba": 1232045833,
        "days": 2,
        "oc": 1,
        "hybk": "电力"
      }
    ]
  }
}
