{
  "rc": 0,
  "rt": 111,
  "svr": 177618783,
  "lt": 2,
  "full": 0,
  "data": {
    "tc": 4,
    "qdate": 20260325,
    "pool": [
      {
        "c": "002207",
        "m": 0,
        "n": "准油股份",
        "p": 11800,
        "zdp": -9.992372512817383,
        "amount": 802285216,
        "ltsz": 3077580420,
        "tshare": 3092253460.4,
        "pe": -72.7740707397461,
        "hs": 25.945886611938477,
        "fund": 13080300,
        "lbt": 143309,
        "fba": 1026083160,
        "days": 1,
        "oc": 14,
        "hybk": "油服工程"
      },
      {
        "c": "002490",
        "m": 0,
        "n": "山东墨龙",
        "p": 11920,
        "zdp": -9.969788551330566,
        "amount": 1433150464,
        "ltsz": 6457326240,
        "tshare": 9510352928,
        "pe": 1313.34521484375,
        "hs": 22.01913833618164,
        "fund": 159598072,
        "lbt": 130809,
        "fba": 1532358912,
        "days": 1,
        "oc": 3,
        "hybk": "专用设备"
      },
      {
        "c": "603121",
        "m": 1,
        "n": "华培动力",
        "p": 20820,
        "zdp": -9.987030029296875,
        "amount": 77404596,
        "ltsz": 7048271946.3,
        "tshare": 7048271883.84,
        "pe": 192.11309814453125,
        "hs": 1.0982067584991455,
        "fund": 176363992,
        "lbt": 92503,
        "fba": 661234872,
        "days": 2,
        "oc": 0,
        "hybk": "汽车零部"
      },
      {
        "c": "600759",
        "m": 1,
        "n": "洲际油气",
        "p": 7490,
        "zdp": -9.975961685180664,
        "amount": 5425944576,
        "ltsz": 31036206492.2,
        "tshare": 31076079507.2,
        "pe": 280.55072021484375,
        "hs": 17.376789093017578,
        "fund": 376679387,
        "lbt": 132039,
        "fba": 19537901680,
        "days": 1,
        "oc": 4,
        "hybk": "油气开采"
      }
    ]
  }
}
