{
  "rc": 0,
  "rt": 111,
  "svr": 177618275,
  "lt": 2,
  "full": 0,
  "data": {
    "tc": 2,
    "qdate": 20260330,
    "pool": [
      {
        "c": "002782",
        "m": 0,
        "n": "可立克",
        "p": 23540,
        "zdp": -10.015290260314941,
        "amount": 747482592,
        "ltsz": 11452238248,
        "tshare": 11674992936.64,
        "pe": 38.96341323852539,
        "hs": 6.447105884552002,
        "fund": 2219822,
        "lbt": 135900,
        "fba": 278549219,
        "days": 1,
        "oc": 21,
        "hybk": "其他电子"
      },
      {
        "c": "600758",
        "m": 1,
        "n": "辽宁能源",
        "p": 5530,
        "zdp": -9.934853553771973,
        "amount": 1292634016,
        "ltsz": 7303710968.820001,
        "tshare": 7310756177.76,
        "pe": -54.40303421020508,
        "hs": 17.521345138549805,
        "fund": 144456888,
        "lbt": 111343,
        "fba": 4663579753,
        "days": 1,
        "oc": 4,
        "hybk": "煤炭开采"
      }
    ]
  }
}
