{
  "rc": 0,
  "rt": 111,
  "svr": 177618274,
  "lt": 1,
  "full": 0,
  "data": {
    "tc": 1,
    "qdate": 20260325,
    "pool": [
      {
        "c": "603358",
        "m": 1,
        "n": "华达科技",
        "p": 36270,
        "zdp": -10,
        "amount": 466861856,
        "ltsz": 16509360211.11,
        "tshare": 17037581221.44,
        "pe": 32.48588180541992,
        "hs": 2.7485103607177734,
        "fund": 103386002,
        "lbt": 103931,
        "fba": 1075774713,
        "days": 2,
        "oc": 2,
        "hybk": "汽车零部"
      }
    ]
  }
}
