{
  "rc": 0,
  "rt": 111,
  "svr": 177618784,
  "lt": 1,
  "full": 0,
  "data": {
    "tc": 1,
    "qdate": 20260325,
    "pool": [
      {
        "c": "603358",
        "m": 1,
        "n": "华达科技",
        "p": 32640,
        "zdp": -10.008271217346191,
        "amount": 185715072,
        "ltsz": 14857058651.52,
        "tshare": 15332413870.08,
        "pe": 29.234603881835938,
        "hs": 1.2500123977661133,
        "fund": 426358204,
        "lbt": 92503,
        "fba": 2516455872,
        "days": 3,
        "oc": 0,
        "hybk": "汽车零部"
      }
    ]
  }
}
