{
  "rc": 0,
  "rt": 111,
  "svr": 177618275,
  "lt": 2,
  "full": 0,
  "data": {
    "tc": 2,
    "qdate": 20260325,
    "pool": [
      {
        "c": "603960",
        "m": 1,
        "n": "克来机电",
        "p": 23020,
        "zdp": -10.007819175720215,
        "amount": 650134192,
        "ltsz": 6035795658,
        "tshare": 6035795658,
        "pe": 198.3502655029297,
        "hs": 10.521081924438477,
        "fund": 10443253,
        "lbt": 144155,
        "fba": 58341957,
        "days": 1,
        "oc": 1,
        "hybk": "自动化设"
      },
      {
        "c": "605268",
        "m": 1,
        "n": "王力安防",
        "p": 14460,
        "zdp": -10.018668174743652,
        "amount": 492020944,
        "ltsz": 6369521550,
        "tshare": 6453534092.160001,
        "pe": 40.714168548583984,
        "hs": 7.687496662139893,
        "fund": 20559228,
        "lbt": 142320,
        "fba": 2589605004,
        "days": 1,
        "oc": 14,
        "hybk": "家居用品"
      }
    ]
  }
}
