{
  "rc": 0,
  "rt": 111,
  "svr": 177618785,
  "lt": 2,
  "full": 0,
  "data": {
    "tc": 3,
    "qdate": 20260325,
    "pool": [
      {
        "c": "601233",
        "m": 1,
        "n": "桐昆股份",
        "p": 20460,
        "zdp": -9.986801147460938,
        "amount": 1639199024,
        "ltsz": 48585793621.200005,
        "tshare": 48674370444.48,
        "pe": 23.57299041748047,
        "hs": 3.3459200859069824,
        "fund": 2723226,
        "lbt": 145231,
        "fba": 292428125,
        "days": 1,
        "oc": 32,
        "hybk": "炼化及贸"
      },
      {
        "c": "600714",
        "m": 1,
        "n": "金瑞矿业",
        "p": 22020,
        "zdp": -10.012260437011719,
        "amount": 1201885232,
        "ltsz": 6345641531.46,
        "tshare": 6345641509.44,
        "pe": 104.1892318725586,
        "hs": 17.954431533813477,
        "fund": 23052892,
        "lbt": 141543,
        "fba": 152655852,
        "days": 1,
        "oc": 4,
        "hybk": "化学原料"
      },
      {
        "c": "603121",
        "m": 1,
        "n": "华培动力",
        "p": 23130,
        "zdp": -10,
        "amount": 17030619,
        "ltsz": 7830284827.95,
        "tshare": 7830284758.559999,
        "pe": 213.42822265625,
        "hs": 0.21749679744243622,
        "fund": 535868299,
        "lbt": 92504,
        "fba": 540793278,
        "days": 1,
        "oc": 0,
        "hybk": "汽车零部"
      }
    ]
  }
}
