{
  "rc": 0,
  "rt": 111,
  "svr": 177618277,
  "lt": 2,
  "full": 0,
  "data": {
    "tc": 3,
    "qdate": 20260325,
    "pool": [
      {
        "c": "603318",
        "m": 1,
        "n": "水发燃气",
        "p": 9600,
        "zdp": -10.028116226196289,
        "amount": 1522496896,
        "ltsz": 4407080870.4,
        "tshare": 5324862873.599999,
        "pe": -87.8322982788086,
        "hs": 33.19628143310547,
        "fund": 19248710,
        "lbt": 145619,
        "fba": 5454820980,
        "days": 1,
        "oc": 2,
        "hybk": "燃气Ⅱ"
      },
      {
        "c": "301057",
        "m": 0,
        "n": "汇隆新材",
        "p": 35930,
        "zdp": -19.995546340942383,
        "amount": 65166241,
        "ltsz": 2967349580.59,
        "tshare": 4202711907.34,
        "pe": 102.54106140136719,
        "hs": 2.1961092948913574,
        "fund": 58040567,
        "lbt": 92500,
        "fba": 297701608,
        "days": 1,
        "oc": 0,
        "hybk": "化学纤维"
      },
      {
        "c": "002843",
        "m": 0,
        "n": "泰嘉股份",
        "p": 25390,
        "zdp": -9.996455192565918,
        "amount": 1693242784,
        "ltsz": 6367623149.18,
        "tshare": 6391616699.18,
        "pe": 82.8001937866211,
        "hs": 25.557491302490234,
        "fund": 66895870,
        "lbt": 141118,
        "fba": 148769910,
        "days": 1,
        "oc": 1,
        "hybk": "通用设备"
      }
    ]
  }
}
