{
  "rc": 0,
  "rt": 111,
  "svr": 177618278,
  "lt": 2,
  "full": 0,
  "data": {
    "tc": 4,
    "qdate": 20260325,
    "pool": [
      {
        "c": "000912",
        "m": 0,
        "n": "泸天化",
        "p": 5820,
        "zdp": -10.046367645263672,
        "amount": 1011849472,
        "ltsz": 9125760000,
        "tshare": 9125760000,
        "pe": 287.0892028808594,
        "hs": 10.919022560119629,
        "fund": 6181509,
        "lbt": 145606,
        "fba": 123154690,
        "days": 1,
        "oc": 4,
        "hybk": "农化制品"
      },
      {
        "c": "002637",
        "m": 0,
        "n": "赞宇科技",
        "p": 13000,
        "zdp": -9.972298622131348,
        "amount": 238110221,
        "ltsz": 5755400950,
        "tshare": 6115213104,
        "pe": 30.42578887939453,
        "hs": 4.0077643394470215,
        "fund": 59605754,
        "lbt": 93206,
        "fba": 336813100,
        "days": 2,
        "oc": 1,
        "hybk": "化学制品"
      },
      {
        "c": "600722",
        "m": 1,
        "n": "金牛化工",
        "p": 17370,
        "zdp": -10,
        "amount": 2326529072,
        "ltsz": 11817152772.12,
        "tshare": 11817152841.6,
        "pe": 245.9957733154297,
        "hs": 19.13414192199707,
        "fund": 94568446,
        "lbt": 141739,
        "fba": 326566421,
        "days": 1,
        "oc": 6,
        "hybk": "化学原料"
      },
      {
        "c": "002856",
        "m": 0,
        "n": "美芝股份",
        "p": 12060,
        "zdp": -10,
        "amount": 11528154,
        "ltsz": 1494287582.5800002,
        "tshare": 1631872464.48,
        "pe": -27.653667449951172,
        "hs": 0.7714816331863403,
        "fund": 130727782,
        "lbt": 92500,
        "fba": 36570744,
        "days": 1,
        "oc": 0,
        "hybk": "装修装饰"
      }
    ]
  }
}
