{
  "rc": 0,
  "rt": 111,
  "svr": 177618275,
  "lt": 2,
  "full": 0,
  "data": {
    "tc": 3,
    "qdate": 20260701,
    "pool": [
      {
        "c": "603303",
        "m": 1,
        "n": "得邦照明",
        "p": 23900,
        "zdp": -9.98116683959961,
        "amount": 222065769,
        "ltsz": 11398975342.5,
        "tshare": 11398975366.4,
        "pe": 64.29418182373047,
        "hs": 1.9076875448226929,
        "fund": 2870390,
        "lbt": 132655,
        "fba": 61891440,
        "days": 1,
        "oc": 3,
        "hybk": "照明设备"
      },
      {
        "c": "002522",
        "m": 0,
        "n": "浙江众成",
        "p": 7170,
        "zdp": -10.037641525268555,
        "amount": 936696720,
        "ltsz": 6488992532.43,
        "tshare": 6494438240.64,
        "pe": 106.220458984375,
        "hs": 13.927531242370605,
        "fund": 27880724,
        "lbt": 130709,
        "fba": 154861981,
        "days": 1,
        "oc": 7,
        "hybk": "塑料"
      },
      {
        "c": "600545",
        "m": 1,
        "n": "卓郎智能",
        "p": 7250,
        "zdp": -9.937888145446777,
        "amount": 1226516240,
        "ltsz": 12962363609.5,
        "tshare": 12962363624,
        "pe": -107.68944549560547,
        "hs": 9.354988098144531,
        "fund": 39827548,
        "lbt": 130527,
        "fba": 330117733,
        "days": 1,
        "oc": 23,
        "hybk": "专用设备"
      }
    ]
  }
}
