{
  "rc": 0,
  "rt": 111,
  "svr": 183632152,
  "lt": 2,
  "full": 0,
  "data": {
    "tc": 1,
    "qdate": 20260701,
    "pool": [
      {
        "c": "603303",
        "m": 1,
        "n": "得邦照明",
        "p": 23900,
        "zdp": -9.98116683959961,
        "amount": 163979308,
        "ltsz": 11398975342.5,
        "tshare": 11398975366.4,
        "pe": 64.29418182373047,
        "hs": 1.3984802961349487,
        "fund": 32127240,
        "lbt": 101422,
        "fba": 20064050,
        "days": 1,
        "oc": 0,
        "hybk": "照明设备"
      }
    ]
  }
}
