{
  "rc": 0,
  "rt": 111,
  "svr": 177618785,
  "lt": 1,
  "full": 0,
  "data": {
    "tc": 2,
    "qdate": 20260325,
    "pool": [
      {
        "c": "603061",
        "m": 1,
        "n": "金海通",
        "p": 244260,
        "zdp": -10,
        "amount": 1136780624,
        "ltsz": 14655600000,
        "tshare": 14655600000,
        "pe": 83.02266693115234,
        "hs": 7.683666706085205,
        "fund": 146556,
        "lbt": 145002,
        "fba": 372618630,
        "days": 1,
        "oc": 94,
        "hybk": "半导体"
      },
      {
        "c": "600302",
        "m": 1,
        "n": "标准股份",
        "p": 10780,
        "zdp": -10.016695022583008,
        "amount": 327922752,
        "ltsz": 3729985687.12,
        "tshare": 3729985730.24,
        "pe": -60.831329345703125,
        "hs": 8.559122085571289,
        "fund": 7141750,
        "lbt": 144141,
        "fba": 95229441,
        "days": 1,
        "oc": 14,
        "hybk": "专用设备"
      }
    ]
  }
}
